Tamanho da Instancia,Tempo de CPU Total
32,0.000213391
64,0.000210139
128,0.000513744
192,0.00331655
256,0.0447966
