Tamanho da Instancia,Tempo de CPU Total
32,0.000211149
64,0.000280993
128,0.0231387
192,7.32268
256,1737.17
