Tamanho da Instancia,Tempo de CPU Total
32,0.000243014
64,0.0107863
128,905.466
