Tamanho da Instancia,Tempo de CPU Total
32,0.000247978
64,0.0112906
128,852.254
