Tamanho da Instancia,Tempo de CPU Total
32,0.000212326
64,0.000208847
128,0.000509784
192,0.00328781
256,0.0454284
