Tamanho da entrada,Tempo de CPU ( para as 50 instancias )
32,0.0003025531768798828
32,0.0002949237823486328
64,0.0006420612335205078
64,0.0006451606750488281
128,0.0014088153839111328
128,0.00141143798828125
192,0.0023336410522460938
192,0.0023462772369384766
256,0.0033979415893554688
256,0.003395557403564453
