Tamanho da Instancia,Tempo de CPU Total
32,0.000249133
64,0.0113554
128,926.54
