Tamanho da Instancia,Tempo de CPU Total
32,0.000215731
64,0.000286623
128,0.0228306
