Tamanho da Instancia,Tempo de CPU Total
32,0.000208805
64,0.000280495
128,0.022549
192,7.30131
256,1827.21
